model_file,model_consts,model_type,states,time_constr
phil3.nm,,MDP,956,0.31348466873168945
phil4.nm,,MDP,9440,0.3100452423095703
phil5.nm,,MDP,93068,0.33380746841430664
phil6.nm,,MDP,917424,0.37776851654052734
phil7.nm,,MDP,9043420,0.5016767978668213
phil8.nm,,MDP,89144512,0.7192091941833496
phil9.nm,,MDP,878732012,1.1294715404510498
phil10.nm,,MDP,8662001936,1.5769803524017334
phil15.nm,,MDP,806171451829916,7.994797229766846
