model_file,model_consts,model_type,states,time_constr
rabin3.nm,,MDP,27766,0.3992016315460205
rabin4.nm,,MDP,668836,0.6379663944244385
rabin5.nm,,MDP,27381358,1.7811267375946045
rabin6.nm,,MDP,624265622,3.4719674587249756
rabin7.nm,,MDP,13500805210,6.748680114746094
rabin8.nm,,MDP,280776218242,12.467401027679443
rabin9.nm,,MDP,16136875996952,31.478475332260132
rabin10.nm,,MDP,358055586147376,46.416773319244385
